{
  "general": {
    "screenOrientation": {
      "iphone": "portrait",
      "ipad": null,
      "androidPhone": "portrait",
      "androidTablet": null
    },
    "userAgentRegexes": [],
    "replaceStrings": [],
    "nativeBridgeUrls": [],
    "languages": [],
    "userAgentAdd": "",
    "enableWindowOpen": true,
    "forceUserAgent": "",
    "publicKey": "zmjyjm",
    "deviceRegKey": "8wtqd9eb2gje9j1g0pb4zqj9f0",
    "appName": "ادارة الطابور",
    "initialUrl": "https://mandi-alyemen.com/tabur/login.php",
    "androidPackageName": "co.median.android.zmjyjm",
    "iosBundleId": "co.median.ios.zmjyjm",
    "iosUserAgentAdd": "median",
    "androidUserAgentAdd": "",
    "androidSigningKey": "release",
    "injectMedianJS": true,
    "forceSessionCookieExpiry": 0,
    "androidForceUserAgent": "",
    "iosForceUserAgent": "",
    "keepScreenOn": true,
    "iosFullScreenWebview": true,
    "androidFullScreen": true,
    "iosCustomHeaders": {},
    "androidCustomHeaders": {},
    "version": 4
  },
  "navigation": {
    "tabNavigation": {
      "tabSelectionConfig": [],
      "tabMenus": [],
      "active": false
    },
    "sidebarNavigation": {
      "menuSelectionConfig": {
        "redirectLocations": [
          {
            "regex": ".*",
            "menuName": "default",
            "loggedIn": true
          }
        ]
      },
      "menus": [
        {
          "active": false,
          "items": [],
          "name": "default"
        }
      ]
    },
    "regexInternalExternal": {
      "rules": [
        {
          "mode": "external",
          "label": "Non-web links",
          "pagesToTrigger": "custom",
          "regex": "^(?!https?://).*"
        },
        {
          "mode": "appbrowser",
          "label": "Facebook",
          "pagesToTrigger": "custom",
          "regex": "https?://([-\\w]+\\.)*facebook\\.com.*"
        },
        {
          "mode": "appbrowser",
          "label": "Twitter",
          "pagesToTrigger": "custom",
          "regex": "https?://([-\\w]+\\.)*twitter\\.com/.*"
        },
        {
          "mode": "appbrowser",
          "label": "Instagram",
          "pagesToTrigger": "custom",
          "regex": "https?://([-\\w]+\\.)*instagram\\.com/.*"
        },
        {
          "mode": "appbrowser",
          "label": "Google Maps",
          "pagesToTrigger": "custom",
          "regex": "https?://maps\\.google\\.com.*"
        },
        {
          "mode": "appbrowser",
          "label": "Google Maps Search",
          "pagesToTrigger": "custom",
          "regex": "https?://([-\\w]+\\.)*google\\.com/maps/search/.*"
        },
        {
          "mode": "appbrowser",
          "label": "LinkedIn",
          "pagesToTrigger": "custom",
          "regex": "https?://([-\\w]+\\.)*linkedin\\.com/.*"
        },
        {
          "mode": "internal",
          "label": "Microsoft Login",
          "pagesToTrigger": "custom",
          "regex": "https?://login\\.microsoftonline\\.com.*"
        },
        {
          "mode": "internal",
          "label": "All pages on my domain",
          "pagesToTrigger": "domain",
          "regex": "https?:\\/\\/([-\\w]+\\.)*mandi-alyemen.com(\\/.*)?$"
        },
        {
          "mode": "appbrowser",
          "label": "All Other Links",
          "pagesToTrigger": "all",
          "regex": ".*"
        }
      ],
      "active": true
    },
    "androidPullToRefresh": false,
    "iosPullToRefresh": true,
    "navigationTitles": {
      "titles": [],
      "active": true
    },
    "ignorePageFinishedRegexes": [],
    "actionConfig": {
      "actions": [],
      "actionSelection": [],
      "active": true
    },
    "androidShowRefreshButton": false,
    "iosShowRefreshButton": false,
    "deepLinkDomains": {
      "domains": [],
      "enableAndroidApplinks": false
    },
    "navigationLevels": {
      "levels": [],
      "active": true
    },
    "toolbarNavigation": {
      "enabled": false,
      "visibilityByPages": "allPages",
      "visibilityByBackButton": "backButtonActive",
      "regexes": [
        {
          "enabled": true,
          "regex": ".*"
        }
      ],
      "items": [
        {
          "system": "back",
          "titleType": "defaultText",
          "visibility": "allPages",
          "urlRegex": [
            {
              "enabled": true,
              "regex": ".*"
            }
          ]
        },
        {
          "system": "refresh",
          "enabled": false,
          "visibility": "allPages",
          "urlRegex": [
            {
              "enabled": true,
              "regex": ".*"
            }
          ]
        },
        {
          "system": "forward",
          "enabled": false,
          "titleType": "defaultText",
          "visibility": "allPages",
          "urlRegex": [
            {
              "enabled": true,
              "regex": ".*"
            }
          ]
        }
      ]
    },
    "redirects": [],
    "iosShowOfflinePage": true,
    "iosConnectionOfflineTime": 10,
    "androidShowOfflinePage": true,
    "androidConnectionOfflineTime": 10,
    "iosSettings": {},
    "maxWindows": {
      "enabled": false,
      "numWindows": 5,
      "autoClose": false
    }
  },
  "styling": {
    "iosLaunchScreen": {
      "backgroundColor": "#00b7b3",
      "backgroundColorDark": "#00b7b3",
      "backgroundImage": "https://s3.amazonaws.com/gonativeio/app_files/zmjyjm/1719015115291_p3jh4kr1dra5u_00b7b3_1_2x2.png",
      "backgroundImageDark": "https://s3.amazonaws.com/gonativeio/app_files/zmjyjm/1719015115305_rbpqyn081286u_00b7b3_1_2x2.png",
      "centerImage": "https://s3.amazonaws.com/gonativeio/app_files/zmjyjm/app_icon_ios_1719014693260.png",
      "centerImageDark": "https://s3.amazonaws.com/gonativeio/app_files/zmjyjm/app_icon_ios_1719014693260.png"
    },
    "transitionInteractiveDelayMax": 0.2,
    "menuAnimationDuration": 0.15,
    "androidShowSplash": true,
    "disableAnimations": false,
    "hideWebviewAlpha": 0.5,
    "iosDarkMode": "light",
    "iosTitleColor": "#0E0D08",
    "iosTitleColorDark": "#ffffff",
    "iosTintColor": "#0E0D08",
    "iosTintColorDark": "#ffffff",
    "iosSidebarTextColor": "#0E0D08",
    "iosSidebarTextColorDark": "#ffffff",
    "iosStatusBarBackgroundColor": "#ffffffff",
    "iosStatusBarBackgroundColorDark": "#000000",
    "iosEnableBlurInStatusBar": false,
    "iosSidebarBackgroundColor": "#f8f8f8",
    "iosSidebarBackgroundColorDark": "#202020",
    "iosNavigationBarTintColor": "#f8f8f8",
    "iosNavigationBarTintColorDark": "#202020",
    "iosTabBarTintColor": "#f8f8f8",
    "iosTabBarTintColorDark": "#000000",
    "icon": "https://s3.amazonaws.com/gonativeio/app_files/zmjyjm/app_icon_ios_1719014693260.png",
    "iosHeaderImage": "https://s3.amazonaws.com/gonativeio/app_files/zmjyjm/app_icon_ios_1719014693260.png",
    "showActionBar": false,
    "showNavigationBar": false,
    "iosSidebarFont": "Default",
    "androidHideTitleInActionBar": false,
    "navigationTitleImage": false,
    "iosTheme": "default",
    "androidTheme": "light",
    "androidBackgroundColor": "#FFFFFF",
    "androidSidebarBackgroundColor": "#FFFFFF",
    "androidSidebarForegroundColor": "#1A100B",
    "androidActionBarBackgroundColor": "#FFFFFF",
    "androidActionBarForegroundColor": "#1A100B",
    "androidPullToRefreshColor": "#1A100B",
    "androidAccentColor": "#009688",
    "androidSidebarSeparatorColor": "#CCCCCC",
    "androidSidebarHighlightColor": "#1A100B",
    "androidTabBarBackgroundColor": "#FFFFFF",
    "androidTabBarTextColor": "#949494",
    "androidTabBarIndicatorColor": "#1A100B",
    "androidTabPressedBackgroundColor": "#CCCCCC",
    "androidStatusBarBackgroundColor": "#5C5C5C",
    "androidShowLogoInSideBar": true,
    "androidShowAppNameInSideBar": true,
    "androidSwipeNavigationBackgroundColor": "#FFFFFF",
    "androidSwipeNavigationActiveColor": "#000000",
    "androidSwipeNavigationInactiveColor": "#666666",
    "androidActionBarBackgroundColorDark": "#333333",
    "androidStatusBarBackgroundColorDark": "#333333",
    "androidActionBarForegroundColorDark": "#FFFFFF",
    "androidAccentColorDark": "#80cbc4",
    "androidBackgroundColorDark": "#333333",
    "androidSidebarForegroundColorDark": "#FFFFFF",
    "androidSidebarBackgroundColorDark": "#333333",
    "androidSidebarSeparatorColorDark": "#666666",
    "androidSidebarHighlightColorDark": "#FFFFFF",
    "androidPullToRefreshColorDark": "#FFFFFF",
    "androidTabBarTextColorDark": "#FFFFFF",
    "androidTabBarBackgroundColorDark": "#333333",
    "androidTabBarIndicatorColorDark": "#666666",
    "androidTabPressedBackgroundColorDark": "#999999",
    "androidSwipeNavigationBackgroundColorDark": "#333333",
    "androidSwipeNavigationActiveColorDark": "#FFFFFF",
    "androidSwipeNavigationInactiveColorDark": "#666666",
    "androidSplashBackgroundColor": "#00b7b3",
    "androidSplashBackgroundColorDark": "#00b7b3",
    "androidWebviewTextZoom": null,
    "androidLaunchImages": {
      "mdpi": "https://s3.amazonaws.com/gonativeio/app_files/zmjyjm/1719015115541_vm4hw0gwgzc54_180x180.png",
      "hdpi": "https://s3.amazonaws.com/gonativeio/app_files/zmjyjm/1719015115553_whq902y7cj534_270x270.png",
      "xhdpi": "https://s3.amazonaws.com/gonativeio/app_files/zmjyjm/1719015115565_cukqku8rmxh7r_360x360.png",
      "xxhdpi": "https://s3.amazonaws.com/gonativeio/app_files/zmjyjm/1719015115587_88kn06u60a1mg_540x540.png",
      "xxxhdpi": "https://s3.amazonaws.com/gonativeio/app_files/zmjyjm/1719015115607_zde8uj0qxwzfa_720x720.png"
    },
    "androidLaunchImagesDark": {
      "mdpi": "https://s3.amazonaws.com/gonativeio/app_files/zmjyjm/1719015115642_jnm746g1ttfv2_180x180.png",
      "hdpi": "https://s3.amazonaws.com/gonativeio/app_files/zmjyjm/1719015115660_wcvhfj9rd5wzu_270x270.png",
      "xhdpi": "https://s3.amazonaws.com/gonativeio/app_files/zmjyjm/1719015115722_k2rxrt6ab21a4_360x360.png",
      "xxhdpi": "https://s3.amazonaws.com/gonativeio/app_files/zmjyjm/1719015115771_aeenngj2u08f8_540x540.png",
      "xxxhdpi": "https://s3.amazonaws.com/gonativeio/app_files/zmjyjm/1719015115795_ukddw9z2atgx4_720x720.png"
    },
    "iosIcon": "https://s3.amazonaws.com/gonativeio/app_files/zmjyjm/app_icon_ios_1719014693260.png",
    "customIcons": {},
    "iosStatusBarStyle": "auto",
    "iosEnableOverlayInStatusBar": false,
    "androidStatusBarStyle": "auto",
    "androidEnableOverlayInStatusBar": false,
    "androidIcon": "https://s3.amazonaws.com/gonativeio/app_files/zmjyjm/app_icon_android_1719014678036.png",
    "iosActivityIndicatorColor": "#808080",
    "iosActivityIndicatorColorDark": "#808080",
    "androidActivityIndicatorColor": "#808080",
    "androidActivityIndicatorColorDark": "#808080",
    "navigationTitleImageLocation": "assets/defaults/app-icon-placeholder.png",
    "navigationTitleImageLocationDark": "assets/defaults/app-icon-placeholder.png",
    "androidHeaderImage": "assets/defaults/app-icon-placeholder.png",
    "androidHeaderImageDark": "assets/defaults/app-icon-placeholder.png",
    "iosHeaderImageDark": "https://s3.amazonaws.com/gonativeio/app_files/zmjyjm/app_icon_ios_1719014693260.png"
  },
  "permissions": {
    "usesGeolocation": false,
    "androidDownloadToPublicStorage": false,
    "enableWebRTCamera": false,
    "enableWebRTCMicrophone": false,
    "iosLocationUsageDescription": "",
    "iosCameraUsageDescription": "",
    "iosMicrophoneUsageDescription": "",
    "iOSATTUserTrackingDescription": "",
    "iOSRequestATTConsentOnLoad": false
  },
  "developmentTools": {
    "enableWebConsoleLogs": false
  },
  "services": {
    "oneSignalV5": {
      "active": false
    }
  },
  "contextMenu": {
    "linkActions": [
      "copyLink",
      "openExternal"
    ],
    "enabled": false
  }
}